Tissue,median,std,CV
Islet,84.0,167.47021085732197,1.9936929863966901
cfDNA,484.0,1338.9776449920573,2.7664827375868954
