Selected_Biomarkers,Mean_VRF_Tissue_1,Mean_VRF_Tissue_2
`000,18.419936281364606,126.68852984201199
`011,18.419936281364606,126.68852984201199
`010,18.419936281364606,126.68852984201199
